,,,,,,,,,,,,,,,,,,,,,,,,,,,,,,,,,,,,,,,,,,,,,,,,,,,,,,,,,,,,,,,,,
,SIMPLE COMPARISON,,,,,,,,,,PRIVACY,,,,,,,,,,,,,,,TECHNICAL,,,,,,,,,,,,,,,,,,,,,,,WEBSITE,,,,,PRICING,,,,ETHICS,,,,,,,
,      (RAW DATA TO THE RIGHT) --->,,,,,,,,,,JURISDICTION,,,LOGGING,,,,,ACTIVISM,,,,,,,SERVICE CONFIGURATION,,,,,,,,,,,,,,SECURITY,,,,,AVAILABILITY,,,,COOKIES,,CONFIGURATION,,,,,,,BUSINESS PRACTICES,,,,,,AFFILIATES,
Sheet last updated 8/13/2018,PRIVACY,,,TECHNICAL,,,BUSINESS,,,,,,,ACTIVITY,,CONNECTION,,,,,,,,,,LEAK PROTECTION,,,OBFUSCATION / CENSORSHIP AVOIDANCE,,,,,,,NETWORK NEUTRALITY,,AVERAGE SPEEDS,,SERVER,DATA ENCRYPTION,,HANDSHAKE ENCRYPTION,,,,,,,,,,,,,,,GOOD FAITH,,,AFFILIATE / RESELLER POLICY,,,,
VPN SERVICE,Jurisdiction,Logging,Activism,Service Config,Security,Availability,Website,Pricing,Ethics,,Based in (Country),"""Fourteen Eyes"" Country",Enemy of the Internet,Traffic,DNS Requests,Timestamps,Bandwidth,IP Address,Anonymous Payment Method,Accepts Cash,Accepts Gift Cards,Accepts Crypto Currency,PGP Key Available,Gives back to Privacy Causes,Meets PrivacyToolsIO Criteria,1st Party DNS Servers,IPv6 Supported / Blocked,Offers OpenVPN,Supports Multihop,Supports TCP Port 443,Supports Obfsproxy,Supports SOCKS,Supports SSL Tunnel,Supports SSH Tunnel,Other Proprietary Protocols,Blocks SMTP (Authent.),Blocks P2P,US Server DL Speeds (%),International Server DL Speeds (%),Dedicated or Virtual,Default Provided,Strongest Provided,Weakest Provided,Strongest Provided,# of Simultaneous Connections,# of Countries,# of Servers,Linux Support (Manual),# of Persistent Cookies,# of External Trackers,# of Proprietary API's,Server SSL Rating,SSL Certificate issued to,$ / Month - (Annual Pricing),$ / Connection / Month,Free Trial Available,Refund Window (Days),Contradictory Logging Policies,Falsely Claims Service is 100% Effective,Incentivizes social media spam,Forbids spam,Requires ethical copy,Requires full disclosure,Practice ethical copy,Give full disclosure
AceVPN,5,3,5,3.5,2.5,4,5,5,5,,USA,Five,Yes,,,Yes,,Yes,No,No,No,No,No,No,No,No,No,Yes,,Yes,Yes,,,,,Yes,Some,,,,,,,,2,22,,,4,1,10,A,Self,$4.59,$2.30,No,7,Yes,Yes,,No,No,No,,
ActiVPN,1,2,0,2,2.5,0,0,1,3,,France,Nine,No,,,,,,Email,No,No,Yes,Yes,No,No,No,No,Yes,,,,,Yes,,,,,,,,,,See Note,See Note,5,13,20,,0,0,0,A+,Self,$3.34,$0.67,No,See Note,,,,No,No,No,,
AirVPN,1,2,0,1,0,0,1,4,5,,Italy,Fourteen,No,No,,,,,Email,No,No,Yes,Yes,Yes,Yes,Yes,No,Yes,Yes,Yes,,Yes,Yes,Yes,,,No,90.56,5.99,,AES-256,AES-256,RSA-4096,RSA-4096,5,19,215,Yes,3,0,0,A+,Self,$4.93,$0.99,Yes,3,,,,No,No,No,No,No
Anonine,0,2,1,2,2.5,0,11,4,1,,Seychelles,No,No,No,,,,,Email,No,No,Yes,No,No,Yes,No,No,Yes,,,,,,,,,,,,,,,See Note,See Note,5,22,80,,6,2,29,C,Self,$3.99,$0.80,No,0,Yes,,,,,,,
AnonVPN,5,1,2,5,2.5,5,8,7,4,,USA,Five,Yes,No,,No,,No,Email,No,No,No,No,No,No,No,No,No,,,,,,,,No,No,,,,,,,,1,3,,,1,1,2,A-,Self,$5.75,$5.75,No,0,,,,No,No,No,,No
Anonymizer,5,1,2,1,2.5,3,13,3,1,,USA,Five,Yes,No,,,No,No,Email,No,No,No,No,No,No,Yes,No,Yes,,,,,,,,No,No,,,,,,,,6,,,,14,4,19,A-,Self,$6.67,$1.11,Yes,45,Yes,,,,,,,
AnonymousVPN,0,3,2,2,2.5,0,2,4,5,,Seychelles,No,No,No,,Yes,Yes,,Email,No,No,No,No,No,No,No,No,Yes,,,,Yes,,,,,No,,,,,,,,3,20,20,,0,0,2,B,Self,$5.75,$1.92,No,14,Yes,,,No,No,No,,No
Astrill,0,3,4,2.5,1.5,2,8,4,5,,Seychelles,No,No,,,Yes,,Yes,No,No,No,Yes,No,No,No,No,No,Yes,Yes,Yes,,,,,,,Some,,,,,AES-128,,,2,54,254,,4,1,2,A-,Self,$5.83,$2.92,Yes,7,,,,No,No,No,No,No
Avast Secureline,1,3.5,4,1,1.5,2,3,4,2.5,,Czech Republic,Cooperative,No,,,Yes,Yes,Yes,No,No,No,No,Yes,No,No,Yes,No,Yes,,,,,,,,,,,,,,AES-256,,,1,19,27,,0,0,16,A,Self,$6.67,$6.67,Yes,30,,,,Yes,Some,No,,No
Avira Phantom VPN,1,2,5,0,1.5,2,8,1,1.5,,Germany,Fourteen,No,No,,,Yes,No,No,No,No,No,No,No,No,Yes,Yes,Yes,,,,,,,,,,,,,,AES-256,,,25,20,,,16,8,14,A,Self,$6.50,$0.26,Yes,30,,,,Yes,Yes,Some,,No
AzireVPN,1,0,0,0,0,1,1,2,4,,Sweden,Fourteen,No,No,No,No,No,No,Yes,No,No,Yes,Yes,No,Yes,Yes,Yes,Yes,,Yes,,Yes,,,,No,No,,,Dedicated,AES-256,AES-256,RSA-4096,RSA-4096,5,4,26,Yes,1,0,0,A+,Self,$4.11,$0.82,Yes,7,,,,No,No,No,,No
BeeVPN,1,2,1,5,1.5,5,10,8,0,,Denmark,Nine,No,,,,,,Email,No,No,Yes,No,No,No,No,No,No,,,,,,,,,No,,,,,AES-256,,,1,4,,,4,1,12,C,Self,$7.17,$7.17,No,0,,,,,,,,
Betternet,3,3,2,5,2.5,3,3,0,0,,Canada,Five,No,,,Yes,Yes,,Yes,No,No,No,No,No,No,No,No,No,,,,,,,,,,,,,,,,,25,,,No,1,1,2,A,Self,$0.00,$0.00,Free,Free,,,,,,,,
BlackVPN,0,0,0,2,0,0,6,5,0,,Hong Kong,No,No,No,No,No,No,No,Email,No,Yes,Yes,Yes,Yes,Yes,Yes,No,Yes,,Yes,,,Yes,,,Some,Some,56.91,16.03,Dedicated,AES-256,AES-256,RSA-4096,RSA-4096,7,19,27,Yes,4,1,8,A,CloudFlare,$9.03,$1.29,No,14,,,,,,,,
Blockless,3,2,2,4,2.5,5,8,7,3,,Canada,Five,No,,,,,,Email,No,No,No,No,No,No,Yes,No,No,,,,,,,,,,,,,,,,,1,,,,5,3,9,A,CloudFlare,$4.17,$4.17,No,0,,,,No,No,No,,
BolehVPN,0,0,0,0.5,0,0,5,4,0,,Seychelles,No,No,No,No,No,No,No,Email,No,No,Yes,Yes,Yes,Yes,Yes,Yes,Yes,,Yes,,Yes,,,Yes,,Some,0,7.78,,AES-128,AES-256,RSA-4096,RSA-4096,3,13,35,Yes,6,2,7,A,Self,$6.67,$2.22,Yes,14,,,,Yes,Yes,Yes,,
Boxpn,0,2,1,2,2.5,0,11,4,4,,Seychelles,No,No,,,,,,Email,No,No,Yes,No,No,No,No,No,Yes,,,,,,,,,No,,,,,Blowfish-128,See Note,See Note,3,22,80,,23,12,25,A,CloudFlare,$2.99,$1.00,No,0,,,,No,No,No,,No
BTGuard,3,1.5,1,1,1.5,4,5,8,3,,Canada,Five,No,No,,,,No,Email,No,No,Yes,No,No,No,Yes,No,Yes,,,,Yes,,,,,No,,,,,AES-256,,,1,3,5,,0,0,0,F,Self,$7.50,$7.50,No,0,,,,No,Yes,No,,No
Buffered,1,3.5,2,2,1.5,2,6,4,3.5,,Hungary,Cooperative,No,No,,Yes,Yes,Yes,Email,No,No,No,No,No,No,No,No,Yes,,,,,,,,,No,,,,,Blowfish-256,,,5,26,,,5,2,16,A,Self,$9.99,$2.00,No,30,,Yes,,Some,Yes,No,,No
CactusVPN,5,0,4,2.5,0,1,4,2,5,,Canada,Five,Yes,No,No,No,No,No,No,No,No,Yes,No,No,No,No,No,Yes,,,,,,,,No,Some,95.23,13.76,,AES-128,AES-256,RSA-2048,RSA-4096,3,4,16,Yes,2,1,6,A+,Self,$4.59,$1.53,Yes,30,,,,No,No,No,No,No
Celo,3,3,4,1,1.5,0,5,3,1,,Australia,Five,No,No,,Yes,,Yes,No,No,No,Yes,No,Yes,No,No,Yes,Yes,,,,Yes,,Yes,,,No,,,,,AES-256,,,5,13,14,,2,2,6,B,Self,$5.50,$1.10,Yes,10,Yes,,,,,,,
ChillGlobal,1,2.5,5,1,2.5,4,13,5,1,,Germany,Fourteen,No,No,,Yes,,,No,No,No,No,No,No,No,Yes,No,,,,,,,,,,,,,,,,,,1,15,,,1,1,12,T,No SSL Cert,$5.70,$5.70,Yes,7,,Yes,,,,,,
CitizenVPN,1,1.5,1,2,1.5,4,7,4,0,,Denmark,Nine,No,,,,,No,Email,No,No,Yes,No,No,No,No,No,Yes,,Yes,,,,,,,No,,,,AES-128,AES-256,,,1,12,,,3,0,4,C,Self,$8.24,$8.24,Yes,180,,,,,,,,
CloakVPN,5,0,1,2,2.5,5,8,7,0,,USA,Five,Yes,No,No,No,No,No,Yes,No,No,Yes,No,Yes,No,No,No,Yes,,,,,,,,,,,,,,,,,1,1,1,Yes,2,1,2,C,Self,$5.00,$5.00,No,0,,,,,,,,
CrypticVPN,5,0.5,1,2,2.5,2,3,5,1,,USA,Five,Yes,No,,No,No,No,Email,No,No,Yes,No,No,No,No,No,Yes,,Yes,,,,,,,,83.96,8.88,,,,,,1,15,18,Yes,0,0,2,A,CloudFlare,$2.09,$2.09,No,0,,Yes,,,,,,
CryptoHippie,5,2,0,1.5,0,3,1,5,0,,USA,Five,Yes,See Note,No,,Yes,,Yes,No,No,Yes,Yes,No,No,Yes,No,Yes,Yes,,,,,,,Some,,,,,,AES-256,RSA-2048,RSA-2048,1,,12,,0,0,1,A+,Self,$22.92,$22.92,No,30,,,,,,,,
CryptoStorm,1,1.5,0,0,1.5,2,4,4,0,,Iceland,Cooperative,No,No,,,,No,Yes,No,No,Yes,Yes,Yes,Yes,Yes,Yes,Yes,Yes,Yes,,,,,,No,No,,,,,AES-256,,,4,10,,,2,3,2,A,Self,$3.92,$0.98,No,0,,,,,,,,
CyberGhost,0,1,1,2.5,1.5,0,10,2,5,,Romania,No,No,No,,No,,No,Email,No,No,Yes,No,No,Yes,Yes,No,Yes,,,,,,,,Yes,Some,,,,,AES-256,,,7,30,607,,5,0,4,C,CloudFlare,$5.84,$0.83,No,30,,Yes,,No,No,No,,No
DathoVPN,0,2,5,2,2.5,2,11,6,0,,Panama,No,No,No,,,,,No,No,No,No,No,No,No,No,No,Yes,,,,,,,,,No,,,,,,,,1,17,70,,1,1,4,C,No SSL Cert,$6.00,$6.00,Yes,3,,,,,,,,
DefenceVPN,2,2,5,2.5,2.5,5,3,1,3,,Barbados,See Note,Owned,No,,,,,No,No,No,No,No,No,No,No,No,Yes,,,,,,,,,Some,,,,,,,,2,7,,,1,1,0,B,Self,$2.50,$1.25,Yes,30,,,,No,No,No,,
Disconnect.me,5,1.5,1,5,0,3,2,3,0,,USA,Five,Yes,,,,,No,Yes,No,No,Yes,No,Yes,No,No,No,No,,,,,,,,,,,,,AES-256,AES-256,RSA-2048,RSA-2048,3,,,No,1,0,2,A,Self,$4.17,$1.39,No,30,,,,,,,,
DooVPN,3,2,5,5,2.5,5,4,6,0,,,Not Disclosed,Not Disclosed,,,,,,No,No,No,No,No,No,No,No,No,No,,,,,,,,,,,,,,,,,1,2,,,1,0,3,A,CloudFlare,$4.00,$4.00,No,1,,,,,,,,
DotVPN,0,2.5,2,4,2.5,1,3,0,2,,Hong Kong,No,No,,,,,Yes,Email,No,No,No,No,No,No,Yes,No,No,,,,,,,,,,,,,,,See Note,See Note,3,,700,,2,2,1,A+,Self,$3.00,$1.00,Yes,30,Yes,,Yes,,,,,
Doublehop,0,0,0,3,0,3,3,1,0,,Seychelles,No,No,No,No,No,No,No,Email,No,No,Yes,Yes,Yes,Yes,No,No,Yes,Yes,,,,,,,Yes,No,,,Dedicated,AES-256,AES-256,RSA-4096,RSA-4096,6,5,,Yes,1,0,,A+,CloudFlare,$2.75,$0.45,No,365,,,,,,,,
EarthVPN,0,2.5,1,2.5,2,0,6,4,4,,Northern Cyprus,No,No,No,,,,Yes,Yes,No,No,Yes,No,No,Yes,No,No,Yes,,,,Yes,,Yes,,No,Some,,,,,AES-256,MS-CHAPv2,,3,32,304,,3,1,7,A,Incapsula,$3.34,$1.11,No,7,,,,No,No,No,,No
Encrypt.me,5,3.5,5,2,2.5,3,2,2,1,,USA,Five,Yes,See Note,,Yes,Yes,Yes,No,No,No,No,No,No,No,No,No,Yes,,,,,,,,,,,,,,,,,25,,,,2,0,2,A+,Self,$8.34,$0.33,Yes,30,,,Yes,,,,,
EtherealVPN,3,2,1,5,2.5,4,13,5,3,,,Not Disclosed,Not Disclosed,,,,,,Email,No,No,Yes,No,No,No,No,No,No,,,,,,,,,,,,,,,,,1,7,8,,1,1,11,T,No SSL Cert,$1.67,$1.67,No,0,,,,No,No,No,,
ExpressVPN,2,2,1,0,0.5,0,8,4,4.5,,British Virgin Islands,See Note,Owned,No,No,Yes,Yes,No,Email,No,No,Yes,No,Yes,Yes,Yes,Yes,Yes,,,,,Yes,,,,No,,,,,AES-256,,CA-4096,3,94,1500,Yes,13,5,17,A+,Self,$8.32,$2.77,No,30,,,,Some,No,No,No,No
Faceless.ME,0,3,5,2,2.5,5,12,6,0,,Cyprus,No,No,,,Yes,,Yes,No,No,No,No,No,No,No,No,No,Yes,,,,,,,Yes,,No,,,,,,,,1,3,,,9,4,14,C,Self,$5.00,$5.00,Yes,0,,,,,,,,
FinchVPN,0,3.5,1,2.5,3,2,7,5,1,,Malaysia,No,No,No,,Yes,Yes,Yes,Email,No,No,Yes,No,No,Yes,No,No,Yes,,,,,,,,,Some,22.89,5.69,,Blowfish-128,,,,1,20,54,Yes,4,1,15,A+,CloudFlare,$3.22,$3.22,Yes,0,Yes,,,,,,,
FlowVPN,5,3,2,2,2.5,0,5,3,0,,UK,Five,Yes,,,Yes,,Yes,Email,No,No,No,No,No,No,No,No,Yes,,,,,,Yes,,,,,,,,See Note,,,4,41,90,,2,2,4,A,CloudFlare,$3.99,$1.00,Yes,0,,,,,,,,
FlyVPN,5,3,5,2,2.5,2,7,4,0,,USA,Five,Yes,,,Yes,,Yes,No,No,No,No,No,No,No,No,No,Yes,,,,,Yes,,,,No,,,,,See Note,,,1,30,150,,6,4,2,A,CloudFlare,$6.67,$6.67,Yes,30,,,,,,,,
FoxyProxy,5,2,1,1,2.5,2,3,5,0,,USA,Five,Yes,No,No,,Yes,,Email,No,No,No,Yes,Yes,No,Yes,No,Yes,,,,Yes,,,,No,No,,,,,,,,25,55,,Yes,1,1,1,A,Self,$7.49,$0.30,No,7,,,,,,,,
Freedom-IP,3,3.5,1,2,2.5,2,3,4,1,,,Not Disclosed,Not Disclosed,,,Yes,Yes,Yes,Email,No,No,Yes,No,No,No,No,No,Yes,,,,,Yes,,,,,,,,,See Note,,,5,40,,,2,0,5,A,Self,$4.58,$0.92,Yes,0,,Yes,,,,,,
Freedome,0,3,2,2,0,2,4,4,5,,Finland,No,No,,,,Yes,Yes,Yes,No,No,No,No,No,No,Yes,No,Yes,,,,,,,,Some,Some,,,,,AES-256,RSA-2048,RSA-2048,3,19,,,1,0,10,A+,Self,$4.16,$1.39,Yes,0,,Yes,Yes,No,No,No,,
FrootVPN,1,0,1,2,2.5,2,1,1,4,,Sweden,Fourteen,No,No,No,No,No,No,Email,No,No,Yes,No,No,Yes,No,Yes,Yes,,,,,,,,Yes,No,,,,,,See Note,See Note,3,19,,,3,0,0,A+,Self,$3.00,$1.00,No,30,,Yes,,No,No,No,,
FrostVPN,5,3,4,2.5,2.5,0,8,6,0,,USA,Five,Yes,No,,Yes,Yes,,No,No,No,Yes,No,No,No,No,No,Yes,,,,,,,,,Some,,,,,,,,3,16,54,,3,2,10,A,No SSL Cert,$4.99,$1.66,No,3,,,,,,,,
GetFlix,3,2,5,1,2.5,2,12,4,2.5,,Canada,Five,No,,,,,,No,No,No,No,No,Yes,No,See Note,No,,,,,,,,,,,,,,,,,,1,20,26,,30,14,32,A,No SSL Cert,$2.77,$2.77,Yes,0,,,,Yes,Some,No,,No
GhostPath,5,2,1,2,2.5,2,1,7,4,,USA,Five,Yes,,,,,,Email,No,No,Yes,No,No,No,No,No,Yes,,,,,,,,,,,,,,,,,1,44,138,,0,0,0,B,Self,$6.25,$6.25,No,0,,,,No,No,No,,No
GooseVPN,1,1,5,2.5,2.5,2,5,4,6,,Netherlands,Nine,No,No,No,No,Yes,No,No,No,No,No,No,No,No,No,No,Yes,,,,,,,,,Some,,,,,,,,1,31,55,,0,6,25,A,Self,$5.60,$5.60,No,30,Yes,Yes,,No,No,No,,No
GoTrusted,5,3,5,5.5,2.5,5,8,6,3,,USA,Five,Yes,,,Yes,Yes,,No,No,No,No,No,No,No,No,No,No,,,,,,,,Some,,,,,,,,,1,,,,2,1,8,B,No SSL Cert,$5.99,$5.99,Yes,0,,,,No,No,No,,
GoVPN,1,2.5,2,5,2.5,1,2,0,2,,Germany,Fourteen,No,No,,,,Yes,Email,No,No,No,No,No,No,No,No,No,,,,,,,,,,,,,,,,,3,8,27,,2,0,0,B,Self,$2.50,$0.83,Yes,30,Yes,,Yes,,,,,
Hide.me,0,2,1,1.5,1.5,0,5,4,4,,Malaysia,No,No,No,,,,,Email,No,No,Yes,No,No,Yes,No,Yes,Yes,,,,,,,,,Some,,,,,AES-256,,,5,24,88,,3,2,26,A+,Self,$11.67,$2.33,Yes,14,,Yes,,No,No,No,,
HideALLIP,3,2,1,5,4,2,11,2,5,,,Not Disclosed,Not Disclosed,,,,,,Email,No,No,Yes,No,No,No,No,No,No,,,,,,,,,No,,,,,,RSA-RC4,RSA-1024,1,37,150,,1,1,4,,No SSL Cert,$2.42,$2.42,No,30,,Yes,,No,No,No,,No
HideIPVPN,5,1.5,4,2.5,2.5,1,9,3,4,,USA,Five,Yes,,,,,No,No,No,No,Yes,No,No,No,No,No,Yes,,,,,,,,,Some,,,,,,,,3,5,28,,2,1,8,F,Self,$7.00,$2.33,Yes,30,,,,No,No,No,,No
HideMyAss,5,3.5,1,2.5,3,2,6,3,3,,UK,Five,Yes,No,,Yes,Yes,Yes,Email,No,No,Yes,No,No,No,No,No,Yes,,,,,,,,Some,No,,,,,AES-256,RSA-RC4,RSA-1024,2,221,923,,12,4,,B,Self,$4.99,$2.50,No,30,,Yes,,Yes,Yes,No,,No
Hide My IP,5,2,1,2,2.5,2,6,2,4,,USA,Five,Yes,,,,,,Email,No,No,Yes,No,No,No,No,No,Yes,,,,,,,,,,,,,,,,,1,42,71,,2,2,13,B,Self,$2.95,$2.95,No,30,,,,No,No,No,,No
Hola!VPN,3,6,2,5,2.5,5,5,3,4,,,Not Disclosed,Not Disclosed,Yes,,Yes,,Yes,Email,No,No,No,No,No,No,No,No,No,,,,,,,,,,,,,,,,,1,,,,2,0,10,B,Self,$5.00,$5.00,Yes,30,,,Yes,No,No,No,,
Hotspot Shield,5,1.5,4,5,2.5,3,7,0,4,,USA,Five,Yes,,,,,No,No,No,No,Yes,No,No,No,No,No,No,,,,,,,,,,,,,,,,,5,,,,1,0,4,F,Self,$2.50,$0.50,Yes,30,Yes,,,No,No,No,,
HotVPN,3,2,1,2,2.5,5,15,6,5,,,Not Disclosed,Not Disclosed,,,,,,Email,No,No,Yes,No,No,No,No,No,Yes,,,,,,,,,,,,,,,See Note,See Note,1,,,,7,6,10,F,No SSL Cert,$8.50,$8.50,Yes,7,,Yes,,No,No,No,,No
IBVPN,0,2,4,1.5,1.5,2,8,3,5.5,,Romania,No,No,No,,,,,No,No,No,Yes,No,No,No,Yes,See Note,Yes,,,,,Yes,,,Some,Some,57.89,8.55,,Blowfish-256,Blowfish-256,,,1,43,95,Yes,15,9,27,A+,Self,$4.08,$4.08,Yes,15,Yes,,Yes,No,Some,No,,No
Identity Cloaker,1,2.5,5,2,1.5,2,12,5,5,,Czech Republic,Cooperative,No,No,,,Yes,,No,No,No,No,No,No,No,No,No,Yes,,,,,,,,,,,,,AES-256,AES-256,,,1,12,31,,2,3,4,C,No SSL Cert,$7.17,$7.17,Yes,14,,Yes,,No,No,No,,No
IncognitoVPN,5,2.5,5,2,2.5,0,2,8,6,,USA,Five,Yes,No,No,Yes,,Yes,No,No,No,No,No,No,No,No,No,Yes,,,,,,,,,,,,,,,,,3,24,35,,0,0,5,A,Self,$12.44,$4.15,No,0,Yes,Yes,,No,No,No,,No
In-Disguise,0,2,1,2.5,2.5,2,3,7,0,,Belize,No,No,,,,,,Email,No,No,Yes,No,No,No,No,No,Yes,Yes,,,,,,,,Some,,,,,,,,1,22,25,,1,0,0,A,CloudFlare,$6.86,$6.86,No,7,,,,,,,,
Insorg,3,2,1,2,2.5,2,13,8,3,,,Not Disclosed,Not Disclosed,No,,,,,Email,No,No,Yes,No,No,Yes,No,No,Yes,Yes,Yes,,,,,,,,,,,,,See Note,See Note,1,17,17,,7,5,4,T,No SSL Cert,$15.84,$15.84,No,3,,,,No,No,No,,
Integrity.st,1,1.5,4,2,1.5,5,0,6,0,,Sweden,Fourteen,No,No,,,,No,No,No,No,Yes,No,No,No,No,No,Yes,,,,,,,,,,,,,,Blowfish-256,,,,,,,0,0,0,A,Self,See Note,,No,0,,,,,,,,
IntelliVPN,3,2.5,5,5,2.5,5,5,4,0,,,Not Disclosed,Not Disclosed,,,,,Yes,No,No,No,No,No,No,No,No,No,No,,,,,,,,,,,,,,,,,1,,,No,0,0,0,C,Self,$1.59,$1.59,Yes,0,,,,,,,,
Internetz.me,1,1,0,2,1.5,1,8,7,3,,Germany,Fourteen,No,No,,No,No,,Email,No,No,Yes,Yes,No,Yes,No,No,Yes,,,,Yes,,,,,,,,,,AES-256,,,3,6,17,,7,2,5,A+,No SSL Cert,$7.16,$2.39,No,0,,,,No,No,No,,
IntroVPN,5,3,1,2,1.5,4,5,6,1,,USA,Five,Yes,No,No,Yes,Yes,Yes,Email,No,No,Yes,No,No,No,No,No,Yes,,,,,,,,,,,,,,AES-256,,,1,7,9,,2,1,4,A,Cloudflare,$4.00,$4.00,No,0,Yes,,,,,,,
IPinator,5,2.5,5,1,2.5,0,7,4,4,,USA,Five,Yes,No,,,Yes,,No,No,No,No,No,No,No,Yes,No,Yes,,,,,Yes,,Yes,,,,,,,,,,5,12,84,,,,18,B,No SSL Cert,$6.59,$1.32,No,30,,,,No,No,No,,No
IPredator,1,3.5,0,0.5,2.5,3,0,7,0,,Sweden,Fourteen,No,No,,Yes,Yes,Yes,Email,No,No,Yes,Yes,Yes,Yes,Yes,Yes,Yes,,Yes,,,,,,Some,No,,,,,,,,2,1,50,,0,0,0,A+,Self,$6.56,$3.28,Yes,0,,,,,,,,
IPVanish,5,2,2,0.5,1.5,0,7,5,6,,USA,Five,Yes,No,,,,,Email,No,No,No,No,Yes,No,Yes,Yes,Yes,,Yes,,,,,,Some,No,28.48,7.84,,AES-256,AES-256,,,5,60,500,Yes,9,7,20,A,Self,$6.49,$1.30,No,7,Yes,,,No,No,No,No,No
Ironsocket,0,3.5,1,1.5,0.5,0,5,4,3,,Hong Kong,No,No,No,,Yes,Yes,Yes,Email,No,Yes,Yes,No,No,Yes,Yes,No,Yes,,,,Yes,Yes,,,,Some,,,,,AES-256,See Note,RSA-2048,3,35,50,,3,2,18,A,Self,$4.16,$1.39,No,7,,,,Some,Some,No,,No
Ivacy,0,2,4,1,2.5,0,7,6,4,,Hong Kong,No,No,No,,,,,No,No,No,Yes,No,No,No,No,Yes,Yes,,,,,,,,,No,,,,,See Note,,,5,40,250,,4,1,11,A,CloudFlare,$11.95,$2.39,No,7,,,,No,No,No,,No
IVPN,2,0,0,0,0,0,1,5,0,,Gibraltar,See Note,Owned,No,No,No,No,No,Email,Yes,No,Yes,Yes,Yes,Yes,Yes,Yes,Yes,Yes,Yes,Yes,,,,,No,No,,,Dedicated,AES-256,AES-256,RSA-4096,RSA-4096,5,12,21,,2,0,0,A+,Self,$8.34,$1.67,Yes,7,,,,,,,,
KeepSolid VPN Unlimited,5,3.5,1,1.5,1.5,0,6,4,4.5,,USA,Five,Yes,,,Yes,Yes,Yes,Email,No,No,Yes,No,No,No,Yes,No,Yes,,Yes,,,,,Yes,,Some,,,,AES-128,AES-256,,,5,55,400,Yes,5,3,8,A+,Self,$4.99,$1.00,No,7,,Yes,,Some,No,No,,No
Kepard,0,2,2,3.5,2.5,5,7,5,4,,Moldova,No,No,,,,,,Email,No,No,No,No,No,No,No,No,Yes,,,,,,,,Yes,Some,,,,,See Note,,,1,,,,4,1,7,A,No SSL Cert,$2.90,$2.90,No,0,,,,No,No,No,,No
LeVPN,0,3,1,1.5,1.5,2,6,5,4,,Hong Kong,No,No,No,No,Yes,Yes,Yes,Email,No,No,Yes,No,No,Yes,Yes,No,Yes,,,,,,,,,Some,,,,,AES-256,,,2,114,350,,8,2,20,A,Self,$4.95,$2.48,No,7,,,,No,No,No,,No
LibertyShield,5,2.5,4,5,2.5,2,11,8,3,,UK,Five,Yes,,,,,Yes,No,No,No,Yes,No,No,No,No,No,No,,,,,,,,,,,,,,,,,1,10,10,,9,1,11,C,Self,$12.43,$12.43,No,1,,,,No,No,No,,
LibertyVPN,5,2,5,3,2.5,4,10,8,4.5,,USA,Five,Yes,,,,,,No,No,No,No,No,No,No,No,No,Yes,,,,,,,,,Yes,,,,,,,,1,83,,,3,2,10,F,Self,$8.99,$8.99,No,3,Yes,Yes,,No,Some,No,,
LimeVPN,0,3,4,3,1,0,17,5,4,,Hong Kong,No,No,No,,Yes,Yes,,No,No,No,Yes,No,No,No,No,No,Yes,,Yes,,Yes,Yes,Yes,,Some,Some,,,,,AES-256,MS-CHAPv2,RSA-2048,20,10,19,,23,11,29,C,No SSL Cert,$11.49,$0.57,No,7,Yes,,,No,No,No,,
LiquidVPN,5,0,3,0,0,0,4,5,4,,USA,Five,Yes,No,No,No,No,No,No,No,No,Yes,Yes,Yes,No,Yes,Yes,Yes,,Yes,,Yes,Yes,,Yes,No,No,,,Dedicated,AES-256,AES-256,RSA-4096,RSA-4096,8,11,45,Yes,2,0,13,A,Self,$8.83,$1.10,No,7,,,,No,No,No,,No
Mullvad,1,0,0,0,0,0,1,1,0,,Sweden,Fourteen,No,No,No,No,No,No,Yes,Yes,No,Yes,Yes,Yes,Yes,Yes,Yes,Yes,Yes,Yes,Yes,Yes,Yes,Yes,Yes,No,No,93.5,14.29,Dedicated,AES-256,AES-256,RSA-4096,RSA-4096,5,32,184,Yes,1,0,0,A+,Self,$5.44,$1.09,Yes,30,,,,,,,,
My Expat Network,5,2,5,2,3,3,4,7,0,,UK,Five,Yes,,,,,,No,No,No,No,No,No,No,No,No,Yes,,,,,,,,,,16.86,14.34,,Blowfish-128,,,,3,4,,Partial,3,2,9,A,Self,$7.00,$2.33,No,0,,,,,,,,
MyIP.io,5,2,5,1,2.5,4,5,6,2,,USA,Five,Yes,No,,,,,No,No,No,No,No,No,No,No,Yes,Yes,,,,,,,,,,,,,,,,,1,10,,,7,3,2,A,Self,$5.99,$5.99,Yes,0,,Yes,Yes,,,,,
My Private Network,0,1.5,0,1.5,1.5,2,5,3,1.5,,Hong Kong,No,No,No,No,Yes,No,,Email,No,No,Yes,Yes,Yes,Yes,Yes,No,Yes,,Yes,Yes,Yes,Yes,,,No,Some,,,,AES-256,AES-256,,,5,43,,Yes,3,1,16,A,Self,$9.47,$1.89,Yes,30,,,,Yes,Yes,Some,,No
MyVPN.Pro,5,2,2,5,1.5,5,11,8,0,,USA,Five,Yes,,,,,,Email,No,No,No,No,No,No,No,No,No,,,,,,,,,,,,,,AES-256,,,1,,,,4,1,2,,No SSL Cert,$9.95,$9.95,No,0,,,,,,,,
Netshade,5,6,5,4,2.5,3,4,4,0,,USA,Five,Yes,Yes,,Yes,,Yes,No,No,No,No,No,No,No,No,Yes,No,,,,,,,,,,,,,,,,,1,7,13,No,1,1,2,B,Self,$4.92,$4.92,No,30,,,,,,,,
Newshosting,5,2,4,2,1.5,5,8,6,1,,USA,Five,Yes,No,,,,,No,No,No,Yes,No,No,No,No,No,Yes,,,,,,,,,,93.12,7.34,,AES-256,AES-256,,,2,,,Yes,0,0,21,F,Self,$8.25,$4.13,Yes,7,,,,Yes,Yes,No,,
NEXTGenVPN,0,2,1,1.5,2.5,4,11,8,1,,Seychelles,No,No,,,,,,Email,No,No,No,Yes,No,No,Yes,No,Yes,,Yes,,,,,,,Some,,,,,,,,1,11,,,11,2,9,C,Self,$14.57,$14.57,No,0,,Yes,,,,,,
NolimitVPN,0,2.5,2,4,2.5,3,6,4,4,,Singapore,No,No,No,,Yes,,,Email,No,No,No,No,No,No,Yes,No,No,,,,,,,,,No,,,,,See Note,,,3,,,,4,1,9,A,CloudFlare,$3.65,$1.22,Yes,0,,Yes,,No,No,No,,
NordVPN,0,0.5,0,0.5,0.5,0,4,1,5,,Panama,No,No,No,,No,No,No,Email,No,No,Yes,Yes,Yes,Yes,Yes,Yes,Yes,Yes,Yes,Yes,Yes,Yes,,,No,Some,5.36,1.5,,AES-256,AES-256,,RSA-2048,6,62,4192,Yes,5,1,3,A,Self,$5.75,$0.96,Yes,30,,Yes,,No,No,No,,No
Norton WiFi Privacy,5,2,5,5,2.5,5,7,1,0,,USA,Five,Yes,,,,,,No,No,No,No,No,No,No,No,No,No,,,,,,,,,,,,,,,,,1,,,,3,0,8,B,No SSL Cert,$2.50,$2.50,Yes,60,,,,,,,,
NVPN,0,2,1,2,1.5,2,2,6,1,,Bosnia,No,No,,,,,,Email,No,No,Yes,No,Yes,No,No,No,Yes,,Yes,,Yes,Yes,,Yes,,No,,,,,AES-256,,,1,34,51,,0,1,3,A+,Self,$3.34,$3.34,No,3,,Yes,,,,,,
OctaneVPN,5,1.5,1,2,2.5,0,4,3,3,,USA,Five,Yes,,,No,Yes,No,Email,No,No,Yes,No,No,No,Yes,No,Yes,,,,,,,,Yes,No,,,,,See Note,,,5,44,108,,4,1,7,A,Self,$2.50,$0.50,No,7,,,,No,No,No,,
OneVPN,0,3,1,1,1.5,0,9,4,6,,Hong Kong,No,No,No,,,Yes,Yes,Email,No,No,Yes,No,No,Yes,Yes,No,Yes,,Yes,,,,,Yes,,,,,,,AES-256,,,3,59,390,,1,2,9,C,Self,$4.00,$1.33,No,7,,Yes,,No,No,No,No,No
Opera (Browser) VPN,1,7,2,2,2.5,3,7,0,0,,Norway,Nine,No,Yes,Yes,Yes,Yes,Yes,Yes,No,No,No,No,No,No,No,No,Yes,,,,,,,,,,,,,,,,,25,,,No,0,1,12,A,No SSL Cert,$0.00,$0.00,Free,Free,,,,,,,,
OverPlay,5,2,2,1,2.5,2,8,8,3,,UK,Five,Yes,,,,,,Email,No,No,No,No,No,No,Yes,No,Yes,,,,,,,,,No,,,,,,,,1,48,67,No,,,15,C,Self,$8.33,$8.33,No,5,,,,Some,Some,No,,No
OVPN.com,1,0,0,0,0,1,3,6,3,,Sweden,Fourteen,No,No,No,No,No,No,Yes,Yes,No,Yes,Yes,No,Yes,Yes,Yes,Yes,Yes,Yes,,,,,,No,No,,,Dedicated,,AES-256,DH-2048,DH-2048,4,7,56,,3,1,4,A+,Self,$7.00,$1.75,No,10,,,,No,No,No,,
oVPN.to,3,1,0,0.5,0,0,0,6,0,,,Not Disclosed,Not Disclosed,No,,No,No,,Email,No,No,Yes,Yes,No,Yes,Yes,See Note,Yes,Yes,Yes,,Yes,Yes,Yes,,,No,,,,,AES-256,RSA-4096,RSA-4096,25,12,36,,0,0,0,A+,Self,$7.30,$0.29,No,0,,,,,,,,
Perfect Privacy,1,1.5,0,0.5,0.5,0,4,5,3.5,,Switzerland,Cooperative,No,No,,,,No,Email,Yes,No,Yes,Yes,Yes,Yes,Yes,Yes,Yes,Yes,Yes,,Yes,,Yes,Yes,,Some,64.14,9.39,,AES-256,AES-256,,RSA-4096,25,23,41,Yes,1,1,7,A+,Self,$13.95,$0.56,No,7,,,,Some,No,No,,No
Private Internet Access,5,0.5,1,0.5,0,0,4,3,2.5,,USA,Five,Yes,No,No,No,,No,Email,No,Yes,Yes,No,Yes,No,Yes,Yes,Yes,,Yes,,Yes,,,,Some,No,,,,AES-128,AES-256,RSA-2048,RSA-4096,5,28,3012,,2,1,7,A,Self,$3.33,$0.67,No,7,,,,Some,Yes,Yes,No,No
PrivatePackets.io,2,2,2,0.5,2.5,1,2,5,0,,British Indian Ocean,See Note,Owned,See Note,See Note,See Note,See Note,See Note,Email,No,No,No,No,No,No,See Note,See Note,Yes,See Note,See Note,See Note,See Note,See Note,See Note,See Note,See Note,See Note,,,,,,,,25,7,See Note,,1,0,3,A,Self,$5.00,$0.20,No,0,,,,,,,,
PrivateTunnel,5,2,4,2,2.5,3,2,0,0,,USA,Five,Yes,,,,,,No,No,No,Yes,No,No,No,No,No,Yes,,,,,,,,,,,,,,Blowfish-128,,,3,,,,3,1,0,A,Self,$2.92,$0.97,Yes,90,,,,,,,,
PrivateVPN,1,2,1,2,0,0,9,6,4,,Sweden,Fourteen,No,,,,,,Email,No,No,Yes,No,No,No,No,No,Yes,,Yes,,,,,,,No,,,,,AES-256,DH-2048,DH-2048,4,20,34,,8,4,21,A,CloudFlare,$7.02,$1.76,Yes,0,,,,No,No,No,,No
ProtonVPN,1,2,0,0.5,1.5,0,1,3,1,,Switzerland,Cooperative,No,No,,,,,Email,No,No,Yes,Yes,Yes,Yes,Yes,Yes,Yes,Yes,Yes,,,,,,,Some,20.97,5.76,,AES-256,AES-256,,,5,14,112,Yes,0,0,1,A+,Self,$8.00,$1.60,Yes,60,Yes,,,,,,,
Proxy.sh,0,2,1,1,0,0,7,8,4,,Seychelles,No,No,No,,,,,Email,No,No,Yes,No,Yes,Yes,Yes,No,Yes,Yes,,Yes,Yes,,,,,No,,,,,AES-256,RSA-4096,RSA-4096,3,40,300,,0,0,5,C,Self,$10.00,$3.33,No,0,,,,No,No,No,,No
ProXPN,1,1,4,2,0,2,5,3,5,,Netherlands,Nine,No,No,,No,,No,No,No,No,Yes,No,No,No,No,No,Yes,,,,,,,,,,,,,Blowfish-512,Blowfish-512,RSA-2048,RSA-2048,1,16,21,Partial,2,0,16,B,Self,$6.25,$6.25,Yes,30,,Yes,,No,No,No,,No
PRQ,1,2,1,1,2.5,5,7,4,0,,Sweden,Fourteen,No,No,,,,,Email,No,No,Yes,No,No,Yes,Yes,No,Yes,,,,,,,,,,,,,,,,,1,,,,1,1,0,,Self,,,No,0,,,,,,,,
PureVPN,0,3,4,0.5,1.5,0,3,4,5,,Hong Kong,No,No,No,,Yes,Yes,,No,No,No,Yes,No,No,No,Yes,Yes,Yes,,,,,,,,No,Some,,,,,AES-256,,,5,141,500,,,,27,A,Self,$4.17,$0.83,No,7,,,,No,No,No,No,No
RA4W VPN,5,2,1,2,2.5,2,9,5,1,,USA,Five,Yes,No,,,,,Email,No,No,Yes,No,No,No,No,No,Yes,,Yes,,,,,,,,,,,,,,,1,20,31,,5,4,13,A,CloudFlare,$1.88,$1.88,No,0,,Yes,,,,,,
RogueVPN,3,2,1,2.5,1.5,2,4,4,4,,Canada,Five,No,,,,,,Email,No,No,Yes,No,No,No,No,No,Yes,,,,,,,,,Some,38.05,14.87,,AES-256,AES-256,,,2,15,19,Partial,1,2,5,A,Self,$2.95,$1.48,Yes,0,,,,No,No,No,,No
RootVPN,1,3,4,2,1.5,3,3,6,5,,Netherlands,Nine,No,,,,Yes,Yes,No,No,No,Yes,No,Yes,No,No,No,Yes,,Yes,,,,,,,,,,,,AES-128,,,25,,,Yes,0,1,8,A,Self,$10.61,$0.42,No,0,Yes,Yes,,No,No,No,,
SaferVPN,0,2.5,1,2,1.5,0,7,3,3,,Israel,No,No,No,,Yes,Yes,No,Email,No,No,Yes,No,Yes,Yes,No,No,Yes,,,,,,,,,,93.45,10.7,,AES-256,AES-256,,,3,24,150,Partial,11,2,14,A,Self,$5.99,$2.00,Yes,14,Yes,,,Yes,Yes,Yes,No,No
SecureVPN.com,3,2.5,5,2,2.5,2,9,5,6,,,Not Disclosed,Not Disclosed,,,,,Yes,No,No,No,No,No,No,No,No,No,Yes,,,,,,,,,,,,,,,,,5,6,6,,1,1,7,C,Self,$5.84,$1.17,Yes,0,,Yes,Yes,No,No,No,,No
SecureVPN.to,3,0,1,1,0,0,1,6,0,,,Not Disclosed,Not Disclosed,No,No,No,No,No,Yes,No,No,Yes,No,Yes,Yes,No,Yes,Yes,,,,Yes,Yes,,,,No,58.96,13.92,Mix,AES-256,AES-256,RSA-4096,RSA-4096,25,23,34,Yes,1,0,0,A+,Self,$6.84,$0.27,No,0,,,,,,,,
SecurityKISS,0,3.5,1,1,4,2,8,7,0,,Ireland,No,No,,,Yes,Yes,Yes,Email,No,No,Yes,No,No,No,Yes,No,Yes,,Yes,,,,,,,,,,,,Blowfish-128,RSA-1024,RSA-1024,1,16,68,,3,1,2,A-,Self,$8.25,$8.25,Yes,0,,,,,,,,
Seed4.Me,0,3,1,2.5,2.5,2,6,0,0,,Taiwan,No,No,No,,Yes,,Yes,Email,No,No,Yes,No,Yes,Yes,No,No,Yes,,,,,,,,,Some,,,Mix,,See Note,,,3,16,,,3,2,11,B,Self,,,Yes,90,,,,,,,,
Seedboxes.cc,0,2,4,2,2.5,5,5,7,1,,Cyprus,No,No,,,,,,No,No,No,Yes,No,No,No,No,No,Yes,,,,,,,,,No,,,,,,,,2,7,,,3,2,13,A,Self,$14.24,$7.12,No,7,,Yes,,,,,,
ShadeYou,1,2,1,2,2.5,3,8,2,5,,Netherlands,Nine,No,,,,,,Email,No,No,Yes,No,No,No,No,No,Yes,,Yes,,,,,,,No,,,,,,See Note,See Note,5,,,,3,0,7,,Self,$2.17,$0.43,Yes,7,,Yes,,No,No,No,,No
SigaVPN,5,0,1,0,0,2,0,0,0,,USA,Five,Yes,No,No,No,No,No,Yes,No,No,Yes,No,No,No,Yes,Yes,Yes,,Yes,,,,,,No,No,,,Virtual,AES-196,AES-196,RSA-4096,RSA-4096,25,6,6,Yes,0,0,0,A,Self,$0.00,$0.00,Free,Free,,,,,,,,
SlickVPN,5,1,0,1,1.5,0,6,1,5,,USA,Five,Yes,No,,No,,No,Email,Yes,No,Yes,Yes,No,No,Yes,Yes,Yes,Yes,,,,,,Yes,Yes,No,94.51,2.94,,,AES-256,,,5,46,151,,4,0,14,A,CloudFlare,$4.00,$0.80,No,30,,Yes,,No,No,No,,No
Smart DNS Proxy,0,2,5,1.5,2.5,2,11,0,2,,Seychelles,No,No,,,,,,No,No,No,No,No,Yes,No,Yes,No,Yes,,,,,,,,,Some,,,,,,,,5,30,,,39,14,31,A,Incapsula,$2.91,$0.58,Yes,30,,,,Some,Some,No,,
SmartVPN,0,3,4,2,2.5,2,5,8,4,,Morocco,No,No,No,,Yes,Yes,,No,No,No,Yes,No,No,No,No,No,Yes,,,,,,,,,,,,,,,,,1,18,20,,8,5,3,A,Self,$6.66,$6.66,No,0,,,,No,No,No,,No
Speedify,5,3,4,6,2.5,0,8,1,5,,USA,Five,Yes,No,No,Yes,Yes,Yes,No,No,No,No,Yes,Yes,No,No,Yes,No,,,,,,,,Yes,Yes,,,Mix,,,,,5,24,119,,10,1,4,A,No SSL Cert,$4.17,$0.83,Yes,30,Yes,,,No,No,No,,No
Spotflux,5,5,1,5,2.5,3,11,4,0,,USA,Five,Yes,Yes,,,,,Email,No,No,Yes,No,No,No,No,No,No,,,,,,,,,,,,,,,,,5,,,,5,4,5,F,Self,$3.17,$0.63,No,0,,,,,,,,
Steganos,1,1.5,5,4,1.5,5,3,6,0,,Germany,Fourteen,No,,,,,No,No,No,No,No,No,No,No,No,Yes,No,,,,,,,,,No,,,,,AES-256,,,1,,,,2,0,6,A,Self,$4.17,$4.17,Yes,0,,,,,,,,
StrongVPN,5,2,1,2,2.5,2,3,7,5.5,,USA,Five,Yes,No,,,,,Email,No,No,Yes,No,Yes,No,No,No,Yes,,,,,,,,,,,,,,,,,1,21,387,,,,30,A,Self,$4.99,$4.99,No,5,,Yes,,No,Some,No,No,No
SwitchVPN,2,2.5,1,2.5,2.5,2,12,2,4,,India,No,Yes,No,,Yes,Yes,No,Yes,No,No,Yes,No,No,Yes,No,No,Yes,,,,,,,,,Some,,,,,,,,5,31,,,9,4,23,C,Self,$4.95,$0.99,No,30,,,,No,No,No,,No
SumRando,0,3,4,2,1.5,5,0,7,3,,Mauritius,No,No,No,,Yes,Yes,,No,No,No,Yes,No,No,No,No,No,Yes,,,,,,,,,,,,,,AES-128,,,1,7,,,0,0,0,A,Self,$10.00,$10.00,Yes,0,,,,No,No,No,,
SunVPN,5,6,5,3,1.5,2,12,5,3,,USA,Five,Yes,Yes,,Yes,,Yes,No,No,No,No,No,No,No,No,No,Yes,,,,,Yes,,Yes,,Yes,,,,,AES-256,,,2,10,12,No,3,1,8,F,No SSL Cert,$8.33,$4.17,No,30,,,,No,No,No,,
SuperVPN,5,3,2,2.5,2.5,0,6,5,1,,USA,Five,Yes,No,No,Yes,Yes,Yes,Email,No,No,No,No,No,No,No,No,Yes,,,,,Yes,,,,Some,7.34,8.71,,,,See Note,See Note,5,45,475,Yes,0,0,3,F,Self,$20.00,$4.00,Yes,15,,Yes,,,,,,
SurfEasy,3,2,2,2,2.5,2,9,5,2.5,,Canada,Five,No,No,,,Yes,No,Email,No,No,No,No,No,No,No,No,Yes,,,,,,,,,No,,,,,,,,5,13,,,8,3,12,A,CloudFlare,$6.49,$1.30,Yes,0,Yes,,,Yes,Some,No,,
TGVPN,5,2,0,0,0,2,0,2,0,,UK,Five,Yes,No,,,,,Yes,No,No,Yes,Yes,No,No,Yes,Yes,Yes,Yes,,,Yes,,Yes,,No,No,,,,AES-256,AES-256,RSA-2048,RSA-4096,3,5,6,Yes,0,0,0,A+,Self,$4.00,$1.33,No,90,,,,,,,,
TigerVPN,0,3.5,4,1.5,1.5,2,8,8,2,,Slovakia,No,No,No,,Yes,Yes,Yes,No,No,No,Yes,No,No,No,Yes,No,Yes,,,,,Yes,,,,Some,,,,,AES-256,,,1,42,62,,14,7,29,A,Self,$7.50,$7.50,No,3,Yes,Yes,,,,,,
Torguard,5,2,1,0,3,0,7,4,6,,USA,Five,Yes,,,,,,Email,No,Yes,Yes,No,No,No,Yes,Yes,Yes,,,Yes,Yes,Yes,Yes,,,No,98.15,13.9,,Blowfish-128,,,,5,43,1600,Yes,7,3,14,A,Self,$5.00,$1.00,No,7,,Yes,,No,No,No,No,No
TorrentPrivacy,0,1.5,2,1,2.5,3,12,1,4,,Seychelles,No,No,,,,,No,Email,No,No,No,No,No,No,Yes,No,Yes,,,,,,,,,No,,,,,,,,1,3,10,,7,3,10,C,Self,,,No,30,,Yes,,No,No,No,,
TorVPN,5,3.5,1,3,0,2,5,3,4,,UK,Five,Yes,No,,Yes,Yes,Yes,Email,No,No,Yes,No,No,No,No,No,Yes,,,,Yes,,Yes,,Yes,No,,,,,AES-256,RSA-4096,RSA-4096,4,7,7,,0,0,0,C,Self,$2.37,$0.59,Yes,0,Yes,,,Yes,No,No,,No
TotalVPN,5,2.5,5,2,2.5,0,5,2,7,,UK,Five,Yes,No,,,,Yes,No,No,No,No,No,No,No,No,No,Yes,,,,,,,,,,,,,,See Note,,,3,18,38,,5,1,5,A,Self,$5.99,$2.00,Yes,30,Yes,Yes,Yes,No,No,No,,No
Traceless.me,1,2,0,1,2.5,0,3,1,0,,Germany,Fourteen,No,No,,,,,Email,No,No,Yes,Yes,No,Yes,Yes,No,Yes,,,,Yes,,Yes,,,,,,,,,,,6,11,11,Yes,3,2,4,A+,Self,$6.48,$1.08,Yes,30,,,,,,,,
Trust.Zone,0,1,0,1.5,0,0,1,2,1,,Seychelles,No,No,No,No,No,Yes,No,Email,No,No,Yes,Yes,No,Yes,Yes,No,Yes,,Yes,,,,,,Some,No,,,,,AES-256,RSA-4096,RSA-4096,3,30,108,,3,0,0,A,Self,$3.33,$1.11,Yes,10,,,,Yes,Yes,Yes,,No
TunnelBear,3,1,1,1,0,0,3,4,3,,Canada,Five,No,No,No,No,Yes,No,Email,No,No,Yes,No,Yes,No,Yes,Yes,Yes,,,Yes,Yes,,,,No,Yes,,,,AES-256,AES-256,RSA-4096,RSA-4096,5,20,20,Yes,3,1,3,A+,Self,$4.99,$1.00,Yes,0,,,Yes,Yes,Yes,Yes,No,No
Tunnelr,5,2,2,2,2,1,2,4,0,,USA,Five,Yes,No,,,,,Email,No,No,No,No,No,No,No,No,Yes,,,,Yes,,,,No,,86.24,20.63,,Blowfish-128,AES-256,See Note,See Note,5,9,15,Yes,1,0,4,A,Self,$5.00,$1.00,Yes,3,,,,,,,,
TVWhenAway,5,2,2,5,2.5,5,2,7,0,,UK,Five,Yes,,,,,,Email,No,No,No,No,No,No,No,No,No,,,,,,,,,,,,,,,,,1,,,,1,0,2,A+,Self,$4.98,$4.98,No,0,,,,,,,,
Unblock-Us,2,2,5,4,2.5,5,10,6,3.5,,Barbados,See Note,Owned,,,,,,No,No,No,No,No,No,No,Yes,No,No,,,,,,,,,,,,,,,,,1,,,,34,13,35,B,Self,$4.16,$4.16,No,0,,Yes,,No,Some,No,,
Unblock VPN,1,3.5,5,2.5,2.5,3,10,5,0,,Czech Republic,Cooperative,No,No,,Yes,Yes,Yes,No,No,No,No,No,No,No,No,No,Yes,,,,,,,,,Some,,,,,,,,1,7,21,Yes,0,0,6,C,No SSL Cert,$4.09,$4.09,Yes,3,,,,,,,,
Unlocator,1,5.5,5,1,2.5,3,8,2,3,,Denmark,Nine,No,Yes,,,,Yes,No,No,No,No,No,No,No,Yes,No,,,,,,,,,,,,,,,,,,25,6,,,7,2,14,A,CloudFlare,$4.17,$0.17,Yes,14,Yes,,,Some,Some,No,,
UnoTelly,3,3,5,2,2.5,4,5,5,0,,Canada,Five,No,,,Yes,Yes,,No,No,No,No,No,No,No,Yes,No,Yes,,,,,,,,,Yes,,,,,,,,1,30,,,4,3,4,B,Self,$4.93,$4.93,Yes,7,,,,,,,,
Unseen Online,5,2.5,5,2,2.5,3,7,0,1,,USA,Five,Yes,No,,,,Yes,No,No,No,No,No,No,No,No,No,Yes,,,,,Yes,,,,,,,,,,,,1,9,15,,1,1,6,A,No SSL Cert,$0.00,$0.00,Free,Free,Yes,,,,,,,
Unspyable,5,2,0,3,0.5,4,8,8,3,,USA,Five,Yes,,,,,,Email,No,No,Yes,Yes,No,No,No,No,Yes,,,,,Yes,,Yes,Some,Some,,,,,AES-256,,RSA-4096,1,11,,,0,0,0,C,No SSL Cert,$6.67,$6.67,No,0,,,,No,No,No,,
VanishedVPN,3,2,5,2.5,2.5,3,4,7,0,,,Not Disclosed,Not Disclosed,,,,,,No,No,No,No,No,No,No,No,No,Yes,,,,,,,,,Some,,,,,,,,3,,,Yes,1,2,8,A,Self,$6.67,$2.22,No,0,,,,,,,,
VikingVPN,5,0.5,0,2,0,1,1,5,0,,USA,Five,Yes,No,,No,No,No,Email,No,No,Yes,Yes,Yes,No,No,No,Yes,,,,,,,,No,No,77.09,31.4,Dedicated,AES-256,AES-256,RSA-4096,RSA-4096,8,3,56,Yes,1,0,0,A,Self,$9.99,$1.25,No,14,,,,,,,,
VIP72,3,2,1,2,2.5,2,5,8,4,,,Not Disclosed,Not Disclosed,,,,,,Yes,No,No,Yes,No,No,No,No,No,Yes,Yes,,,Yes,,,,,,,,,,,See Note,See Note,1,13,17,,0,0,0,C,Self,$22.09,$22.09,No,0,,,,No,No,No,,No
Virtual Shield,5,1.5,2,2,2.5,2,8,5,2.5,,USA,Five,Yes,No,,No,,,Email,No,No,No,No,No,No,No,No,,,,,,,,,,,,,,,,,,3,10,,No,4,4,16,A,CloudFlare,$5.99,$2.00,Yes,0,,,,Some,No,No,,
VPN4All,1,2,4,1.5,0.5,2,14,5,3,,Netherlands,Nine,No,,,,,,No,No,No,Yes,No,No,No,No,Yes,Yes,Yes,,,,,,Yes,,Some,,,,,AES-256,,RSA-2048,1,50,500,,43,17,32,C,Self,$11.83,$11.83,No,30,,,,No,No,No,,
VPN Gate,1,7,2,2.5,1.5,0,11,0,0,,Japan,Cooperative,No,Yes,Yes,Yes,Yes,Yes,Yes,No,No,No,No,No,No,No,No,Yes,,Yes,,,Yes,,,,Some,,,,,AES-256,,,25,24,7670,,3,2,1,,No SSL Cert,$0.00,$0.00,Free,Free,,,,,,,,
VPN Land,3,2,5,2.5,2.5,0,7,6,4,,Canada,Five,No,No,,,,,No,No,No,No,No,No,No,No,No,Yes,,,,,,,,,Some,,,,,,,,5,11,400,,5,3,17,A,Self,$8.34,$1.67,No,7,,,,No,No,No,,No
VPN Master,3,2,4,5,2.5,2,7,6,5,,USA,Five,No,,,,,,No,No,No,Yes,No,No,No,No,No,No,,,,,,,,,,,,,,See Note,,,1,14,14,,5,3,2,A,CloudFlare,$3.95,$3.95,No,1,,Yes,,No,No,No,,No
VPN Shield,1,3,2,3,2.5,1,4,2,1,,Poland,Cooperative,No,No,,Yes,Yes,,Email,No,No,No,No,No,No,No,No,Yes,,,,,,,,,Yes,,,,,,,,5,11,9,,4,1,7,A+,Self,$2.50,$0.50,Yes,10,,,Yes,,,,,
VPN.ac,0,3.5,3,1,0,0,0,4,4,,Romania,No,No,,,Yes,Yes,Yes,No,No,Yes,Yes,Yes,Yes,No,Yes,No,Yes,,,,,,,Yes,No,No,,,,,AES-256,RSA-4096,RSA-4096,6,17,61,,0,0,0,A+,Self,$4.80,$0.80,No,7,,,,Some,Some,No,No,No
VPN.Asia,0,2,1,2,2.5,2,11,4,3,,Belize,No,No,No,,,,,Email,No,No,Yes,No,No,Yes,No,No,Yes,,,,,,,,No,,,,,,,,,2,18,294,,5,3,7,C,Self,$5.75,$2.88,Yes,7,,,,No,No,No,,
VPN.cc,0,2,2,2,2.5,2,7,6,0,,Malta,No,No,,,,,,Email,No,No,No,No,No,No,No,No,Yes,,,,,,,,,,,,,,,,,2,59,903,No,0,0,11,B,No SSL Cert,$6.99,$3.50,No,14,,,,,,,,
VPN.ht,0,1.5,0,2,1.5,0,4,1,5,,Hong Kong,No,No,No,,,No,,Email,No,No,Yes,Yes,No,Yes,No,No,Yes,,,,,,,,,No,34.78,13.7,,AES-128,AES-256,,,3,18,122,Yes,1,0,16,A+,Self,$3.33,$1.11,No,30,,Yes,,No,No,No,,No
VPN.sh,5,3,5,3,2.5,2,13,7,0,,UK,Five,Yes,,,,Yes,Yes,No,No,No,No,No,No,No,No,No,Yes,,,,,,,,,Yes,,,,,,,,1,15,42,,7,1,6,C,No SSL Cert,$4.28,$4.28,No,0,,,,,,,,
VPNArea,0,2,0,1.5,1.5,0,6,4,3,,Bulgaria,No,No,No,,,,,Email,No,No,Yes,Yes,Yes,Yes,No,Yes,Yes,,,,,,,,,Some,0,22.73,,AES-256,AES-256,,,5,56,186,Yes,5,1,5,B,Self,$4.92,$0.98,No,7,,Yes,,Yes,Yes,No,,No
VPNAUS,3,2,2,2,2.5,4,2,4,0,,Australia,Five,No,No,,,,,Email,No,No,No,No,No,No,No,No,Yes,,,,,,,,,,,,,,See Note,,,1,4,4,,1,0,3,A,Self,$5.99,$5.99,No,30,,,,,,,,
VPNBaron,0,3,4,2,2.5,3,4,6,4,,Romania,No,No,No,,Yes,Yes,,No,No,No,Yes,No,No,No,No,No,Yes,,,,,,,,,No,,,,,,,,3,6,,,2,0,4,A,CloudFlare,$4.99,$1.66,No,3,Yes,,,No,No,No,,
VPNJack,5,2,5,6,2,5,13,4,3,,USA,Five,Yes,No,,,,,No,No,No,No,No,No,No,No,No,No,,,,,,,,,Yes,,,,,MPPE-128,MSCHAP-v2,MSCHAP-v2,1,1,,,2,1,11,,No SSL Cert,$2.50,$2.50,Yes,0,,,,No,No,No,,
VPNMe,5,2,1,1,1.5,3,10,4,0,,USA,Five,Yes,No,,,,,Email,No,No,Yes,No,No,No,No,Yes,Yes,,,,,,,,,,,,,,AES-256,,,5,,,,1,1,10,C,Self,$3.34,$0.67,No,0,,,,,,,,
VPNSecure,3,0,0,0,0,0,4,3,2,,Australia,Five,No,No,No,No,No,No,Email,No,No,Yes,Yes,No,No,Yes,Yes,Yes,,Yes,Yes,Yes,Yes,Yes,,No,No,,,,,AES-256,MSCHAP-v2,RSA-2048,10,29,46,,3,1,5,A+,Self,$7.50,$0.75,No,90,,,,Yes,Some,Some,,No
VPNShazam,0,3.5,5,2.5,2.5,0,3,7,4,,Israel,No,No,No,,Yes,Yes,Yes,No,No,No,No,No,No,No,No,No,Yes,,,,,,,,,Some,,,,,,See Note,See Note,5,60,330,,0,0,7,B,Self,$6.66,$1.33,No,0,,,,No,No,No,,No
VPNTraffic,3,2,2,2,2.5,4,9,2,5,,,Not Disclosed,Not Disclosed,,,,,,Email,No,No,No,No,No,No,No,No,Yes,,,,,,,,,No,,,,,,,,1,73,,,0,0,3,,No SSL Cert,$2.92,$2.92,No,30,,Yes,,No,No,No,,No
VPNTunnel,0,1,1,2.5,2.5,0,11,3,5,,Seychelles,No,No,No,,No,,No,Email,No,No,Yes,No,No,Yes,No,No,Yes,,,,,,,,,Some,91.32,25.51,,Blowfish-64,Blowfish-64,,,5,18,80,Yes,40,17,0,C,Self,$2.99,$0.60,No,7,,Yes,,No,No,No,,No
VPNUK,5,3.5,1,1,2.5,2,3,7,3,,UK,Five,Yes,,,Yes,Yes,Yes,Email,No,No,Yes,No,No,No,Yes,No,Yes,,,,,,,,,,,,,,,,,2,24,100,,,,18,A,Self,$6.40,$3.20,No,1,,,,No,No,No,,
VyprVPN,1,3,5,0,0,0,8,6,5,,Switzerland,Cooperative,No,No,No,Yes,Yes,Yes,No,No,No,No,No,No,No,Yes,Yes,Yes,,,,,,,Yes,,No,83.94,21.66,,AES-256,AES-256,RSA-2048,RSA-2048,5,63,700,,11,6,33,A,Self,$6.67,$1.33,Yes,0,,,,No,No,No,No,No
WASEL Pro,1,2,5,2,2.5,5,11,6,4,,Netherlands,Nine,No,,,,,,No,No,No,No,No,No,No,No,No,Yes,,,,,,Yes,,,No,,,,,,,,1,,,,7,3,9,F,Self,$7.50,$7.50,Yes,7,,,,No,No,No,,No
Whoer,0,2,1,2.5,2.5,2,7,5,4,,Cyprus,No,No,No,,,,,Email,No,No,Yes,No,No,Yes,No,No,Yes,,,,,,,,,Some,,,,,,,,3,14,,Yes,5,1,5,A,CloudFlare,$4.99,$1.66,Yes,0,,,,No,No,No,,No
WifiMask,1,3,5,2,0,5,2,5,0,,Netherlands,Nine,No,No,No,Yes,Yes,Yes,No,No,No,No,No,No,No,No,No,Yes,,Yes,,,,Yes,,No,No,,,,,AES-256,RSA-4096,RSA-4096,1,,,,1,0,4,A+,Self,$4.52,$4.52,Yes,7,,,,,,,,
WindScribe,3,1,0,0,0,0,1,3,2,,Canada,Five,No,No,No,No,Yes,No,Yes,No,No,Yes,Yes,Yes,No,Yes,Yes,Yes,Yes,Yes,,Yes,Yes,,,,,,,,,AES-256,RSA-4096,RSA-4096,25,52,492,,0,0,1,A+,Self,$4.08,$0.16,Yes,3,,,Yes,Yes,Yes,Yes,,No
WiTopia,5,6,5,2,1.5,5,6,4,3,,USA,Five,Yes,Yes,,Yes,Yes,,No,No,No,No,No,No,No,No,No,Yes,,,,,,,Yes,No,,,,,,AES-256,,,1,,,,,,4,,Self,$5.84,$5.84,No,30,,,,No,No,No,,
WorldVPN,5,3,4,2.5,2.5,0,8,4,4,,UK,Five,Yes,,,Yes,Yes,,No,No,No,Yes,No,No,No,No,No,Yes,,Yes,,,,,,No,Some,,,,,See Note,,,5,45,100,,5,2,10,A,CloudFlare,$4.95,$0.99,Yes,3,,,,No,No,No,,No
Zenmate,1,2,1,5,2.5,2,7,4,4.5,,Germany,Fourteen,No,No,,,Yes,No,Email,No,No,No,Yes,No,No,No,No,No,,,,,,,,,,,,,,,,,1,12,19,,7,1,7,A,CloudFlare,$6.49,$6.49,Yes,14,,Yes,Yes,Some,No,No,,
ZoogVPN,0,1,1,2.5,1.5,0,2,2,2.5,,Greece,No,No,No,No,No,Yes,No,Email,No,No,Yes,No,Yes,Yes,No,No,Yes,,Yes,,,,,,,Some,,,Dedicated,AES-128,AES-256,,,5,13,20,Yes,3,2,0,A+,Self,$3.99,$0.80,Yes,7,Yes,,,Some,Yes,Yes,,No
ZorroVPN,0,2,0,1,0,2,2,6,5,,Belize,No,No,,,,,,Email,No,No,Yes,Yes,Yes,No,Yes,No,Yes,Yes,Yes,,,,,,,No,55.89,10.5,,AES-256,AES-256,RSA-4096,RSA-4096,5,49,,Yes,0,0,0,A,CloudFlare,$10.00,$2.00,No,7,,Yes,,No,No,No,,No
ZPN,2,2,2,2,1.5,2,10,4,2,,UAE,No,Yes,No,,,,,Email,No,No,No,No,No,No,No,Yes,Yes,,Yes,,,Yes,,Yes,,Yes,,,,,AES-256,,,5,20,,,4,2,26,A-,Self,$5.99,$1.20,Yes,7,,Yes,,,,,,No
That One Privacy Guy's VPN Comparison Chart is licensed under a Creative Commons Attribution-NonCommercial-ShareAlike 4.0 International License.,,,,,,,,,,,,,,,,,,,,,,,,,,,,,,,,,,,,,,,,,,,,,,,,,,,,,,6.548,3.15,,,,,,,,,,
THAT ONE PRIVACY SITE,,,,,,,,,,,,,,,,,,,,,,,,,,,,,,,,,,,,,,,,,,,,,,,,,,,,,,4.17,1.110666667,,,,,,,,,,
https://thatoneprivacysite.net,,,,,,,,,,,,,,,,,,,,,,,,,,,,,,,,,,,,,,,,,,,,,,,,,,,,,,,,,,,,,,,,,